                  epoch,         train/box_loss,         train/cls_loss,         train/dfl_loss,   metrics/precision(B),      metrics/recall(B),       metrics/mAP50(B),    metrics/mAP50-95(B),           val/box_loss,           val/cls_loss,           val/dfl_loss,                 lr/pg0,                 lr/pg1,                 lr/pg2
                      1,                 1.9124,                 3.5456,                 1.9307,                0.02143,                0.32995,                0.02013,                0.00671,                 3.1839,                    inf,                  4.481,             0.00027151,             0.00027151,             0.00027151
                      2,                 1.7395,                 2.7007,                 1.7713,                0.00015,                0.01626,                  9e-05,                  2e-05,                    nan,                    nan,                    nan,              0.0005551,              0.0005551,              0.0005551
                      3,                 1.8553,                 2.4329,                 1.8129,                0.00015,                0.01626,                  9e-05,                  2e-05,                    nan,                    nan,                    nan,             0.00083643,             0.00083643,             0.00083643
                      4,                 1.8717,                 2.5287,                 1.8296,                0.00074,                0.14394,                0.00081,                0.00016,                    nan,                    nan,                    nan,              0.0011155,              0.0011155,              0.0011155
                      5,                 1.9386,                 2.4521,                 1.9254,                0.59732,                0.00813,                0.01031,                0.00482,                 4.2682,                 4.7168,                 6.3068,              0.0013923,              0.0013923,              0.0013923
                      6,                 2.0316,                 2.4808,                 2.0291,                0.33608,                0.05075,                0.00143,                0.00036,                 3.8454,                 67.157,                 6.0603,              0.0014007,              0.0014007,              0.0014007
                      7,                 1.8257,                 2.3758,                 1.8868,                0.09003,                0.07071,                0.04521,                0.00919,                 3.0741,                 9.6193,                 3.6502,               0.001395,               0.001395,               0.001395
                      8,                 1.6669,                 2.0634,                 1.7283,                0.04558,                 0.1677,                0.02838,                0.00841,                 3.2666,                 9.0409,                 3.3394,              0.0013894,              0.0013894,              0.0013894
                      9,                 1.6424,                 1.9376,                 1.7076,                0.13146,                0.09313,                0.05962,                0.01699,                 3.0028,                 5.7681,                 2.9686,              0.0013837,              0.0013837,              0.0013837
                     10,                 1.5922,                 1.8214,                 1.6462,                0.13838,                0.33558,                0.11483,                0.04167,                  2.479,                 4.7355,                  2.419,              0.0013781,              0.0013781,              0.0013781
                     11,                 1.6376,                 1.8943,                 1.6862,                0.35277,                0.05177,                0.01979,                0.00445,                 3.0599,                  25.55,                 2.8818,              0.0013724,              0.0013724,              0.0013724
                     12,                  1.613,                 1.7816,                 1.6713,                0.19704,                0.27797,                0.14727,                0.04978,                 2.5495,                  6.934,                 2.7011,              0.0013668,              0.0013668,              0.0013668
                     13,                 1.6218,                 1.7344,                 1.6588,                0.18703,                0.37692,                 0.1817,                0.06081,                 2.3645,                 3.0066,                 2.4449,              0.0013611,              0.0013611,              0.0013611
                     14,                 1.5672,                 1.6527,                 1.6261,                  0.215,                0.39255,                0.18847,                0.05884,                 2.4664,                 3.2336,                 2.4802,              0.0013554,              0.0013554,              0.0013554
                     15,                 1.5083,                 1.5332,                 1.5639,                 0.2262,                0.27485,                0.20273,                0.06421,                 2.4057,                 3.5712,                 2.3552,              0.0013498,              0.0013498,              0.0013498
                     16,                 1.5482,                 1.5596,                 1.5733,                0.27937,                0.35718,                0.23318,                0.07933,                 2.4084,                 3.0354,                 2.2768,              0.0013441,              0.0013441,              0.0013441
                     17,                  1.551,                 1.5834,                 1.6069,                0.19627,                0.30052,                0.13103,                0.04099,                 2.6493,                 3.0041,                 2.4676,              0.0013385,              0.0013385,              0.0013385
                     18,                 1.5262,                 1.5979,                 1.5819,                0.39457,                0.44889,                0.36866,                0.13485,                 2.2408,                 2.1056,                 2.1112,              0.0013328,              0.0013328,              0.0013328
                     19,                  1.473,                 1.5358,                 1.5312,                0.26468,                0.49934,                0.31875,                0.10724,                 2.2022,                 2.2027,                 2.0529,              0.0013271,              0.0013271,              0.0013271
                     20,                 1.4878,                 1.4808,                  1.537,                0.19515,                0.31963,                0.21664,                0.08348,                 2.4928,                 3.1936,                 2.3526,              0.0013215,              0.0013215,              0.0013215
                     21,                 1.4783,                 1.5493,                 1.5607,                0.25653,                0.40926,                0.22009,                0.06351,                 2.5278,                  5.471,                 2.3572,              0.0013158,              0.0013158,              0.0013158
                     22,                 1.4617,                 1.5347,                 1.5498,                 0.3043,                0.30519,                 0.2375,                0.06518,                 2.5769,                 3.0637,                 2.2598,              0.0013102,              0.0013102,              0.0013102
                     23,                 1.5283,                 1.5423,                 1.5765,                0.41392,                0.56326,                0.40867,                0.13748,                 2.1622,                 2.5275,                 2.0093,              0.0013045,              0.0013045,              0.0013045
                     24,                 1.5033,                 1.5338,                 1.5668,                 0.3879,                0.11026,                0.04293,                0.02269,                 2.8058,                 4.5291,                 2.5293,              0.0012988,              0.0012988,              0.0012988
                     25,                 1.6486,                    1.7,                 1.6796,                0.17765,                0.50556,                0.24018,                0.08769,                 2.3758,                 2.8464,                 2.1945,              0.0012932,              0.0012932,              0.0012932
                     26,                 1.5517,                 1.6105,                 1.5879,                0.25559,                0.34514,                0.20697,                0.06936,                  2.346,                 2.7922,                 2.2094,              0.0012875,              0.0012875,              0.0012875
                     27,                 1.4595,                 1.4783,                 1.5225,                0.35955,                0.50462,                0.35109,                 0.1194,                 2.2304,                 2.5932,                 2.0332,              0.0012819,              0.0012819,              0.0012819
                     28,                 1.4038,                 1.3787,                 1.4797,                0.35715,                0.37662,                 0.3123,                0.11145,                  2.198,                 2.4876,                 2.0756,              0.0012762,              0.0012762,              0.0012762
                     29,                 1.4623,                 1.4673,                 1.5045,                0.34248,                0.41562,                0.34183,                0.12392,                 2.2605,                  2.468,                 2.1421,              0.0012706,              0.0012706,              0.0012706
                     30,                 1.4272,                 1.3734,                 1.4924,                0.38827,                0.31366,                 0.3158,                0.13011,                 2.1946,                 2.3238,                 2.1016,              0.0012649,              0.0012649,              0.0012649
                     31,                 1.4559,                 1.4399,                 1.5137,                0.30055,                0.39195,                0.28417,                0.10159,                 2.2811,                 2.4851,                 2.1852,              0.0012592,              0.0012592,              0.0012592
                     32,                 1.4295,                 1.3441,                 1.4936,                0.30808,                0.46248,                0.34172,                0.12501,                 2.3396,                 2.3869,                 2.2067,              0.0012536,              0.0012536,              0.0012536
                     33,                 1.3888,                 1.2886,                 1.4663,                0.47735,                0.35737,                0.36428,                0.13501,                 2.2528,                 2.1732,                 2.1016,              0.0012479,              0.0012479,              0.0012479
                     34,                 1.4197,                 1.3181,                 1.4757,                0.42475,                  0.444,                0.37845,                0.13708,                 2.1753,                 2.5201,                  2.005,              0.0012423,              0.0012423,              0.0012423
                     35,                 1.4008,                 1.2661,                 1.4609,                0.47664,                0.49965,                0.45361,                 0.1874,                 1.9915,                 2.1954,                 1.8165,              0.0012366,              0.0012366,              0.0012366
                     36,                 1.3315,                 1.2268,                 1.4085,                0.44989,                0.37014,                0.45925,                0.21774,                  2.124,                 2.1198,                  1.987,              0.0012309,              0.0012309,              0.0012309
                     37,                 1.4006,                 1.2692,                 1.4638,                0.47299,                0.42731,                0.41897,                0.15779,                 2.1654,                 2.5316,                 2.1102,              0.0012253,              0.0012253,              0.0012253
                     38,                 1.4852,                 1.4375,                 1.5404,                0.37899,                0.60846,                0.46511,                0.18075,                 2.2466,                 2.2751,                 2.1045,              0.0012196,              0.0012196,              0.0012196
                     39,                 1.3658,                 1.3413,                 1.4387,                0.44242,                0.41219,                0.35724,                0.12545,                 2.2863,                 2.2869,                 2.1082,               0.001214,               0.001214,               0.001214
                     40,                 1.3411,                 1.2948,                 1.4514,                0.36338,                0.54304,                0.41113,                0.15388,                 2.2348,                 2.3019,                 2.1017,              0.0012083,              0.0012083,              0.0012083
                     41,                 1.3981,                 1.3077,                 1.4572,                0.35198,                0.47114,                0.37257,                0.15572,                 2.3128,                 2.2401,                 2.1644,              0.0012026,              0.0012026,              0.0012026
                     42,                 1.4392,                 1.3221,                 1.4757,                0.51863,                0.43107,                0.46629,                0.18152,                 2.1113,                 1.8776,                 1.9981,               0.001197,               0.001197,               0.001197
                     43,                 1.3304,                 1.1974,                  1.408,                0.49372,                0.62363,                0.52041,                0.17847,                 2.1312,                 2.2474,                 1.9585,              0.0011913,              0.0011913,              0.0011913
                     44,                 1.3326,                 1.2381,                 1.4283,                0.48091,                 0.4674,                0.46609,                0.16123,                 2.2181,                 2.1687,                 1.9773,              0.0011857,              0.0011857,              0.0011857
                     45,                 1.3264,                 1.1758,                  1.417,                0.36151,                0.37648,                0.30214,                0.12793,                 2.1944,                 2.3423,                  1.985,                0.00118,                0.00118,                0.00118
                     46,                 1.4327,                  1.307,                 1.4663,                0.29487,                0.35932,                0.22936,                0.06986,                 2.5442,                 2.9745,                 2.3469,              0.0011744,              0.0011744,              0.0011744
                     47,                 1.3766,                 1.3394,                 1.4625,                 0.4496,                0.46389,                0.44496,                0.15693,                 2.1478,                 2.1091,                 1.9676,              0.0011687,              0.0011687,              0.0011687
                     48,                 1.3186,                 1.2128,                 1.4086,                0.47822,                0.51483,                0.49027,                0.18569,                 2.1431,                 1.8304,                 2.0097,               0.001163,               0.001163,               0.001163
                     49,                 1.3134,                 1.1946,                  1.417,                0.52114,                0.42568,                0.47802,                0.19492,                 2.1332,                 1.9918,                 1.9749,              0.0011574,              0.0011574,              0.0011574
                     50,                 1.3718,                 1.2766,                 1.4874,                0.53933,                0.49609,                0.50173,                0.21042,                 2.0695,                 2.1843,                 1.9308,              0.0011517,              0.0011517,              0.0011517
                     51,                 1.2894,                 1.1828,                 1.4155,                0.52464,                0.12085,                0.12325,                0.03373,                 2.7077,                 3.5587,                 2.3904,              0.0011461,              0.0011461,              0.0011461
                     52,                 1.3477,                 1.2375,                 1.4239,                0.30695,                0.42329,                0.31651,                0.11234,                 2.3337,                 2.4243,                 2.1202,              0.0011404,              0.0011404,              0.0011404
                     53,                 1.2849,                 1.1511,                 1.3993,                0.47525,                0.47501,                0.46585,                0.19318,                 2.1043,                 2.0455,                 2.0302,              0.0011347,              0.0011347,              0.0011347
                     54,                 1.3173,                 1.1725,                 1.3906,                0.51881,                0.59157,                 0.5276,                0.20633,                 2.1087,                 1.9206,                 1.9865,              0.0011291,              0.0011291,              0.0011291
                     55,                 1.3268,                 1.1508,                 1.3859,                0.39027,                0.52392,                0.45188,                0.16006,                  2.324,                 2.0042,                 2.0738,              0.0011234,              0.0011234,              0.0011234
                     56,                 1.3175,                 1.1429,                 1.4235,                0.37585,                0.33636,                0.29951,                0.09911,                 2.4512,                  5.443,                 2.2938,              0.0011178,              0.0011178,              0.0011178
                     57,                 1.3079,                 1.1394,                 1.3921,                0.48447,                 0.4319,                0.44626,                0.17758,                 2.1273,                 2.3081,                 2.0076,              0.0011121,              0.0011121,              0.0011121
                     58,                 1.2201,                 1.0532,                 1.3589,                0.45864,                0.36625,                0.41307,                0.19264,                 2.1595,                 2.2307,                 2.0363,              0.0011064,              0.0011064,              0.0011064
                     59,                 1.2907,                 1.0916,                 1.3987,                0.58779,                0.48008,                 0.4818,                0.20233,                 2.1545,                 2.1798,                 1.9794,              0.0011008,              0.0011008,              0.0011008
                     60,                 1.3438,                 1.1554,                 1.4212,                0.49176,                0.50284,                0.43714,                0.19184,                 2.1023,                 2.2104,                 1.9607,              0.0010951,              0.0010951,              0.0010951
                     61,                 1.3081,                 1.1715,                 1.4106,                 0.3803,                 0.4815,                0.43395,                0.17681,                 2.0835,                 2.2982,                  1.912,              0.0010895,              0.0010895,              0.0010895
                     62,                 1.2774,                 1.1307,                 1.3812,                0.47832,                0.54271,                0.51051,                0.22014,                 2.0278,                 1.8821,                 1.9136,              0.0010838,              0.0010838,              0.0010838
                     63,                 1.2736,                 1.0641,                 1.3761,                0.48883,                0.58522,                0.49315,                0.20711,                 2.0698,                 1.8192,                 1.9143,              0.0010782,              0.0010782,              0.0010782
                     64,                  1.254,                 1.0576,                  1.379,                 0.5304,                0.59769,                0.59878,                0.24319,                 1.9959,                 1.9842,                 1.8528,              0.0010725,              0.0010725,              0.0010725
                     65,                 1.2638,                 1.0651,                 1.3709,                 0.6928,                 0.4627,                 0.5748,                0.25327,                 2.0069,                 1.7807,                 1.8799,              0.0010668,              0.0010668,              0.0010668
                     66,                 1.2801,                 1.0716,                 1.3728,                0.55916,                0.42243,                0.42737,                0.21835,                 2.0116,                 2.1334,                  1.904,              0.0010612,              0.0010612,              0.0010612
                     67,                 1.3469,                 1.1182,                 1.4277,                0.38412,                 0.5847,                0.37717,                0.12931,                 2.2622,                 2.5636,                 2.0495,              0.0010555,              0.0010555,              0.0010555
                     68,                 1.2772,                 1.0834,                 1.3808,                0.53994,                0.56453,                0.53112,                0.22585,                  2.065,                 1.7596,                 1.9099,              0.0010499,              0.0010499,              0.0010499
                     69,                 1.2953,                 1.0545,                 1.3784,                0.49851,                0.52308,                0.45634,                0.18629,                 2.1949,                  1.948,                 2.0336,              0.0010442,              0.0010442,              0.0010442
                     70,                 1.2917,                 1.0858,                 1.3828,                0.43345,                0.51432,                0.42729,                0.18402,                 2.1462,                 2.0875,                 1.9657,              0.0010385,              0.0010385,              0.0010385
                     71,                 1.2461,                 1.0531,                 1.3725,                0.49587,                0.55522,                0.51748,                0.20382,                 2.1558,                 1.8732,                 2.0008,              0.0010329,              0.0010329,              0.0010329
                     72,                 1.2205,                 1.0151,                 1.3584,                 0.3712,                0.46969,                0.37574,                 0.1411,                 2.1759,                 2.3198,                 2.0007,              0.0010272,              0.0010272,              0.0010272
                     73,                 1.2477,                 1.0814,                 1.3794,                0.39938,                0.46095,                0.39657,                 0.1753,                 2.1303,                 2.2853,                 1.9632,              0.0010216,              0.0010216,              0.0010216
                     74,                  1.233,                  1.022,                 1.3401,                0.18972,                0.23172,                0.11762,                0.04194,                 2.4281,                 3.3531,                 2.2599,              0.0010159,              0.0010159,              0.0010159
                     75,                 1.2858,                 1.0662,                 1.3792,                 0.4262,                0.61539,                 0.4638,                0.18733,                  2.212,                  1.856,                 2.0392,              0.0010102,              0.0010102,              0.0010102
                     76,                 1.2424,                 1.0154,                 1.3603,                0.52783,                0.46269,                0.49757,                0.20888,                 2.1429,                 1.9727,                 2.0413,              0.0010046,              0.0010046,              0.0010046
                     77,                 1.2313,                 1.0438,                 1.3615,                0.56362,                0.47227,                0.48069,                0.19083,                 2.1538,                 1.9355,                 2.0777,             0.00099893,             0.00099893,             0.00099893
                     78,                 1.2998,                 1.1059,                 1.4002,                0.53335,                0.36562,                0.40323,                 0.1698,                 2.3113,                 2.4415,                 2.2235,             0.00099327,             0.00099327,             0.00099327
                     79,                 1.3291,                 1.1753,                 1.4131,                0.45622,                0.57918,                0.46806,                0.17419,                 2.1165,                 2.0664,                 1.9004,             0.00098761,             0.00098761,             0.00098761
                     80,                 1.2352,                 1.0721,                 1.3571,                0.47052,                0.66493,                0.52732,                0.21322,                 2.0465,                 1.6646,                 1.9149,             0.00098195,             0.00098195,             0.00098195
                     81,                 1.2147,                 1.0402,                 1.3603,                0.42335,                0.46001,                0.45445,                 0.2216,                 2.0996,                 1.9384,                 1.9863,             0.00097629,             0.00097629,             0.00097629
                     82,                 1.2907,                 1.0515,                 1.3749,                 0.4162,                0.53428,                0.43195,                0.16482,                 2.2461,                 1.9912,                 2.0314,             0.00097063,             0.00097063,             0.00097063
                     83,                 1.2163,                 1.0127,                 1.3765,                 0.5426,                0.38693,                 0.4706,                0.19292,                 2.1909,                 1.8865,                 2.0404,             0.00096498,             0.00096498,             0.00096498
                     84,                 1.2424,                 1.0037,                 1.3564,                0.51245,                0.38225,                0.33863,                0.12969,                 2.2921,                 2.1787,                 2.0645,             0.00095932,             0.00095932,             0.00095932
                     85,                 1.2232,                 1.0055,                 1.3412,                0.39389,                0.52765,                0.43455,                0.17257,                 2.2186,                 2.0452,                  2.062,             0.00095366,             0.00095366,             0.00095366
                     86,                 1.2774,                  1.075,                 1.4058,                0.47045,                 0.5234,                0.52344,                0.22673,                 2.1388,                 1.9379,                 1.9828,               0.000948,               0.000948,               0.000948
                     87,                 1.1936,                0.98242,                 1.3449,                0.52481,                 0.6411,                0.59205,                0.23744,                 2.1109,                 1.7166,                 1.8904,             0.00094234,             0.00094234,             0.00094234
                     88,                 1.2568,                 1.0892,                 1.3597,                0.58704,                0.54624,                0.58982,                0.24511,                 2.0364,                  1.634,                 1.9656,             0.00093668,             0.00093668,             0.00093668
                     89,                 1.2031,                0.98155,                 1.3512,                0.60061,                0.39924,                0.48924,                0.18724,                 2.1094,                 2.0429,                 1.9225,             0.00093102,             0.00093102,             0.00093102
                     90,                 1.2241,                0.97234,                 1.3282,                0.43736,                0.57597,                0.49703,                0.20897,                 2.0733,                 2.0542,                 1.9792,             0.00092536,             0.00092536,             0.00092536
                     91,                 1.2627,                  1.035,                 1.3903,                 0.4091,                0.49608,                0.45745,                0.18296,                 2.1534,                 2.0063,                 2.0309,              0.0009197,              0.0009197,              0.0009197
                     92,                 1.1771,                0.94929,                 1.3182,                 0.5547,                0.58706,                0.58453,                0.21875,                 2.0533,                 1.7432,                 1.9548,             0.00091405,             0.00091405,             0.00091405
                     93,                 1.2335,                0.98645,                 1.3479,                0.41274,                0.49588,                0.40021,                 0.1493,                 2.2001,                 2.0124,                 2.0202,             0.00090839,             0.00090839,             0.00090839
                     94,                 1.2341,                 1.0375,                 1.3435,                0.44234,                0.49165,                0.47745,                0.20185,                 2.1302,                 2.0127,                 1.9629,             0.00090273,             0.00090273,             0.00090273
                     95,                 1.2531,                 1.0178,                 1.3611,                0.46279,                 0.3158,                0.32706,                0.11978,                 2.3229,                 2.4051,                  2.192,             0.00089707,             0.00089707,             0.00089707
                     96,                 1.2591,                 1.0592,                  1.367,                0.51305,                0.49665,                0.52485,                0.19596,                 2.2015,                 1.9814,                 2.0166,             0.00089141,             0.00089141,             0.00089141
                     97,                 1.2424,                 1.0536,                 1.3715,                0.50455,                0.51097,                0.49005,                0.18929,                 2.0155,                 2.1638,                 1.8887,             0.00088575,             0.00088575,             0.00088575
                     98,                 1.2359,                 1.0125,                 1.3664,                0.48709,                0.49909,                0.51469,                0.19479,                 2.0413,                 2.0481,                 1.8893,             0.00088009,             0.00088009,             0.00088009
                     99,                 1.2311,                0.98081,                 1.3372,                0.61043,                0.59941,                0.58286,                0.23866,                 2.0163,                 1.8399,                 1.8611,             0.00087443,             0.00087443,             0.00087443
                    100,                 1.1394,                0.85866,                 1.2903,                0.52478,                0.50868,                  0.465,                0.20007,                 2.0233,                 1.8239,                  1.885,             0.00086877,             0.00086877,             0.00086877
                    101,                 1.2264,                0.94046,                 1.3252,                0.56515,                0.52164,                0.55738,                0.23576,                 2.0066,                 1.7096,                 1.7833,             0.00086312,             0.00086312,             0.00086312
                    102,                 1.1506,                0.93398,                 1.3244,                0.63544,                0.52228,                0.57271,                 0.2472,                 1.9514,                 1.7531,                 1.7923,             0.00085746,             0.00085746,             0.00085746
                    103,                  1.184,                0.93941,                 1.3421,                0.52065,                0.63133,                0.56997,                0.27758,                 1.9951,                 1.7267,                 1.8524,              0.0008518,              0.0008518,              0.0008518
                    104,                 1.2248,                 0.9775,                 1.3378,                0.56834,                0.58931,                0.55684,                0.21487,                 2.0383,                 2.4985,                 1.8347,             0.00084614,             0.00084614,             0.00084614
                    105,                   1.18,                0.92939,                 1.3264,                0.47987,                0.53059,                0.49974,                0.20352,                 2.0219,                 1.9991,                 1.9013,             0.00084048,             0.00084048,             0.00084048
                    106,                 1.1926,                0.96274,                 1.3398,                0.48844,                0.62637,                 0.5909,                 0.2571,                 1.9835,                 1.7618,                 1.7782,             0.00083482,             0.00083482,             0.00083482
                    107,                 1.1167,                0.87546,                 1.2944,                0.42758,                0.47476,                0.40464,                0.14466,                 2.2259,                 2.2473,                 2.0532,             0.00082916,             0.00082916,             0.00082916
                    108,                 1.2107,                0.93877,                 1.3303,                0.47402,                0.50956,                0.48056,                  0.206,                 2.2303,                 2.3026,                 2.0173,              0.0008235,              0.0008235,              0.0008235
                    109,                 1.1733,                0.91857,                 1.3075,                0.61058,                0.48599,                0.49539,                0.21272,                 2.0474,                 1.8934,                 1.9056,             0.00081785,             0.00081785,             0.00081785
                    110,                  1.214,                0.93707,                 1.3268,                0.57389,                0.50176,                0.54439,                0.23311,                 2.1026,                 1.7567,                 1.9082,             0.00081219,             0.00081219,             0.00081219
                    111,                 1.1675,                0.91885,                 1.3022,                0.59689,                0.43855,                0.52132,                 0.2206,                 2.0602,                  1.859,                 1.8962,             0.00080653,             0.00080653,             0.00080653
                    112,                 1.1335,                0.89795,                 1.3037,                0.55014,                 0.5499,                0.54701,                0.23295,                 2.0527,                 1.6502,                 1.8713,             0.00080087,             0.00080087,             0.00080087
                    113,                 1.1046,                0.86157,                 1.2668,                0.66451,                0.45259,                 0.5214,                0.22208,                 2.0847,                 1.9768,                 1.9132,             0.00079521,             0.00079521,             0.00079521
                    114,                 1.1492,                0.87131,                 1.2928,                0.40552,                0.48574,                0.38598,                0.16231,                 2.1614,                 2.3517,                 2.0544,             0.00078955,             0.00078955,             0.00078955
                    115,                 1.1604,                0.88493,                 1.3263,                0.49684,                0.47829,                0.46529,                0.18788,                 2.2012,                 1.9959,                 2.1259,             0.00078389,             0.00078389,             0.00078389
                    116,                 1.1635,                0.92986,                  1.306,                0.63437,                0.58724,                0.60563,                0.27165,                 1.9437,                 1.6432,                 1.8329,             0.00077823,             0.00077823,             0.00077823
                    117,                 1.1269,                0.89882,                 1.2906,                0.35701,                0.43618,                0.38346,                0.15541,                 2.1097,                 1.9761,                 1.9469,             0.00077257,             0.00077257,             0.00077257
                    118,                 1.1394,                0.88197,                 1.2869,                0.49225,                0.53923,                0.48845,                0.23356,                  1.943,                 1.6863,                 1.8032,             0.00076692,             0.00076692,             0.00076692
                    119,                 1.1019,                0.85696,                 1.2771,                0.59951,                 0.5038,                0.55774,                0.25318,                 1.9746,                 1.7678,                 1.8444,             0.00076126,             0.00076126,             0.00076126
                    120,                 1.1599,                0.89636,                 1.3156,                0.63259,                  0.517,                0.59163,                 0.2415,                 2.0607,                 1.9114,                 1.9557,              0.0007556,              0.0007556,              0.0007556
                    121,                  1.154,                0.87578,                 1.2985,                0.40825,                 0.5219,                0.43597,                0.14759,                 2.1866,                 2.1541,                 2.0314,             0.00074994,             0.00074994,             0.00074994
                    122,                 1.2808,                 1.0157,                 1.3796,                0.38603,                0.45741,                0.37287,                0.14527,                  2.269,                 2.0544,                 2.0269,             0.00074428,             0.00074428,             0.00074428
                    123,                 1.2658,                0.98852,                 1.3599,                0.60753,                0.68139,                0.60475,                0.25048,                 2.0442,                 1.6318,                 1.8845,             0.00073862,             0.00073862,             0.00073862
                    124,                 1.1904,                 0.9236,                 1.3297,                0.48879,                0.67846,                0.47844,                0.19255,                 2.1102,                 1.6893,                 1.9772,             0.00073296,             0.00073296,             0.00073296
                    125,                 1.1314,                 0.9012,                 1.3055,                0.53897,                0.49479,                0.51401,                0.22318,                 2.0067,                  1.854,                 1.8492,              0.0007273,              0.0007273,              0.0007273
                    126,                 1.0933,                0.84665,                   1.27,                0.58124,                0.50655,                0.56447,                0.23964,                 2.0003,                 1.9404,                  1.836,             0.00072164,             0.00072164,             0.00072164
                    127,                 1.1258,                0.85072,                 1.2979,                0.56796,                0.56001,                  0.573,                0.27044,                 1.9601,                 1.6895,                 1.7664,             0.00071599,             0.00071599,             0.00071599
                    128,                 1.1041,                0.85584,                 1.2763,                0.51653,                0.59345,                0.56142,                0.24374,                 1.9752,                 1.6412,                 1.7668,             0.00071033,             0.00071033,             0.00071033
                    129,                 1.0914,                0.83391,                 1.2641,                0.63403,                0.53135,                0.59399,                 0.2601,                 1.9622,                 1.6854,                 1.7487,             0.00070467,             0.00070467,             0.00070467
                    130,                  1.144,                0.86098,                  1.302,                0.51794,                0.52875,                0.53403,                0.20992,                 2.0631,                 1.8508,                 1.8281,             0.00069901,             0.00069901,             0.00069901
                    131,                 1.0998,                0.82591,                 1.2678,                0.60032,                0.62771,                0.66637,                0.31432,                 1.9426,                 1.5411,                 1.7623,             0.00069335,             0.00069335,             0.00069335
                    132,                 1.0744,                0.81377,                  1.265,                0.67725,                0.56127,                0.68518,                0.29823,                  1.923,                 1.5419,                 1.7918,             0.00068769,             0.00068769,             0.00068769
                    133,                 1.0902,                0.82083,                 1.2733,                0.60216,                0.59546,                0.63466,                 0.2957,                 1.8915,                 1.5059,                 1.7248,             0.00068203,             0.00068203,             0.00068203
                    134,                 1.0864,                0.79522,                 1.2544,                0.53882,                0.58897,                0.55813,                0.24157,                 1.9164,                 1.7068,                 1.8058,             0.00067637,             0.00067637,             0.00067637
                    135,                 1.0776,                0.80075,                 1.2641,                0.58997,                0.55442,                0.62087,                0.26159,                 1.9663,                  1.614,                 1.8489,             0.00067072,             0.00067072,             0.00067072
                    136,                 1.0919,                0.84055,                 1.2827,                0.62249,                 0.5672,                0.61651,                0.26528,                  2.084,                 1.5719,                 1.9063,             0.00066506,             0.00066506,             0.00066506
                    137,                 1.0783,                0.81691,                 1.2655,                0.51608,                0.57334,                0.59212,                0.28199,                  2.024,                 1.5566,                 1.8522,              0.0006594,              0.0006594,              0.0006594
                    138,                 1.0569,                0.76785,                 1.2232,                 0.5111,                0.61742,                0.56406,                0.25052,                 2.0421,                 1.6062,                 1.8688,             0.00065374,             0.00065374,             0.00065374
                    139,                 1.0607,                0.76912,                  1.241,                0.61933,                0.56553,                0.60704,                0.28032,                 1.9762,                 1.5623,                 1.8408,             0.00064808,             0.00064808,             0.00064808
                    140,                   1.08,                0.81418,                 1.2646,                0.54801,                0.55828,                0.53114,                0.21504,                 2.0683,                 1.9447,                 1.8776,             0.00064242,             0.00064242,             0.00064242
                    141,                 1.0828,                0.82087,                 1.2565,                0.72716,                 0.5204,                0.59464,                0.26196,                 2.0891,                 1.5632,                 1.8832,             0.00063676,             0.00063676,             0.00063676
                    142,                  1.052,                0.79801,                  1.246,                0.64316,                 0.4944,                0.56642,                 0.2459,                   2.08,                 1.6013,                 1.8641,              0.0006311,              0.0006311,              0.0006311
                    143,                 1.0031,                0.75153,                 1.1994,                0.54151,                0.57442,                0.57382,                0.25883,                 2.0615,                 1.6279,                 1.9041,             0.00062544,             0.00062544,             0.00062544
                    144,                 1.0474,                0.76107,                 1.2496,                  0.669,                0.45196,                0.54934,                0.23016,                 2.0779,                 1.9069,                 1.8684,             0.00061979,             0.00061979,             0.00061979
                    145,                 1.0379,                 0.7274,                  1.213,                0.57399,                0.58466,                0.60388,                0.24869,                 2.0105,                 1.6859,                 1.8352,             0.00061413,             0.00061413,             0.00061413
                    146,                 1.0115,                0.74459,                 1.2295,                0.63963,                0.52886,                0.59569,                0.27391,                 1.9798,                 1.6263,                 1.8588,             0.00060847,             0.00060847,             0.00060847
                    147,                 1.0334,                0.76672,                 1.2585,                0.59197,                0.57791,                0.60432,                0.29136,                 2.0266,                 1.5033,                  1.902,             0.00060281,             0.00060281,             0.00060281
                    148,                 1.0337,                0.74477,                 1.2254,                 0.5449,                 0.7089,                0.64323,                0.25942,                 2.1109,                 1.5639,                 1.8908,             0.00059715,             0.00059715,             0.00059715
                    149,                 1.0937,                0.79173,                 1.2487,                0.52452,                0.61753,                0.57403,                0.25886,                 2.0785,                 1.5889,                 1.9056,             0.00059149,             0.00059149,             0.00059149
                    150,                  1.026,                  0.749,                 1.2179,                0.58854,                0.77026,                0.65087,                0.27883,                 2.0107,                 1.5489,                 1.8513,             0.00058583,             0.00058583,             0.00058583
                    151,                 1.0608,                0.75031,                 1.2488,                0.63396,                0.56877,                0.65021,                 0.3126,                 1.9337,                  1.497,                 1.8173,             0.00058017,             0.00058017,             0.00058017
                    152,                 1.0186,                 0.7462,                 1.2271,                0.63957,                0.53708,                0.61617,                0.27165,                 1.9923,                 1.6143,                 1.8344,             0.00057452,             0.00057452,             0.00057452
                    153,                 1.0434,                0.77979,                 1.2333,                0.66261,                0.54527,                0.61559,                0.26982,                 1.9715,                 1.5829,                 1.8679,             0.00056886,             0.00056886,             0.00056886
                    154,                 1.0184,                0.76131,                 1.2338,                0.62002,                0.55645,                 0.5989,                0.24258,                 2.0793,                 1.7286,                 1.9549,              0.0005632,              0.0005632,              0.0005632
                    155,                 1.0165,                0.77533,                 1.2085,                0.42527,                0.32636,                0.30794,                0.13863,                 2.3167,                 2.2827,                 2.1599,             0.00055754,             0.00055754,             0.00055754
                    156,                 1.0817,                0.80399,                 1.2669,                0.60864,                0.56167,                0.53094,                0.22484,                 2.1422,                  1.821,                 2.0421,             0.00055188,             0.00055188,             0.00055188
                    157,                 1.0231,                0.75933,                 1.2259,                0.62088,                0.59513,                 0.5924,                0.26313,                 1.9204,                 1.5347,                 1.8483,             0.00054622,             0.00054622,             0.00054622
                    158,                 1.0125,                 0.7375,                 1.2119,                0.51292,                0.53681,                 0.5212,                0.24104,                 2.0337,                 1.7649,                 1.8944,             0.00054056,             0.00054056,             0.00054056
                    159,                 1.0253,                0.73146,                 1.2225,                0.62272,                0.61149,                 0.6208,                0.28718,                 1.9342,                 1.5413,                 1.8013,              0.0005349,              0.0005349,              0.0005349
                    160,                 1.0144,                 0.7583,                 1.2141,                 0.6155,                 0.6098,                0.60033,                0.28483,                 1.9966,                 1.5194,                  1.836,             0.00052924,             0.00052924,             0.00052924
                    161,                 1.0263,                0.73189,                 1.2081,                0.60234,                0.61856,                0.60951,                0.29495,                  1.895,                 1.5084,                 1.7465,             0.00052359,             0.00052359,             0.00052359
                    162,                 1.0346,                 0.7604,                 1.2268,                0.65596,                0.62346,                0.64403,                0.30121,                 1.9277,                 1.4671,                 1.7741,             0.00051793,             0.00051793,             0.00051793
                    163,                0.98908,                0.72896,                 1.2016,                0.57703,                0.58925,                0.57229,                0.27624,                 1.9647,                 1.6345,                 1.8384,             0.00051227,             0.00051227,             0.00051227
                    164,                0.98338,                0.72424,                 1.2081,                0.69679,                0.55851,                0.66076,                0.31078,                 1.9124,                 1.5105,                 1.7824,             0.00050661,             0.00050661,             0.00050661
                    165,                0.97004,                0.69948,                 1.1771,                0.69339,                0.64448,                0.67434,                0.30453,                 1.9617,                 1.4205,                 1.8374,             0.00050095,             0.00050095,             0.00050095
                    166,                0.95096,                 0.6923,                 1.1822,                0.76955,                0.60196,                0.67661,                0.28699,                 2.0444,                 1.4847,                 1.9253,             0.00049529,             0.00049529,             0.00049529
                    167,                0.91353,                0.65113,                 1.1714,                 0.5141,                 0.6072,                0.52308,                0.21975,                 2.0206,                 1.5993,                 1.8999,             0.00048963,             0.00048963,             0.00048963
                    168,                0.98513,                0.69663,                  1.217,                0.60793,                0.57784,                0.59576,                0.28218,                  2.072,                 1.6959,                  1.896,             0.00048397,             0.00048397,             0.00048397
                    169,                0.97086,                0.73366,                 1.2116,                0.59715,                0.59907,                0.61496,                0.26433,                 1.9555,                 1.6357,                 1.8283,             0.00047831,             0.00047831,             0.00047831
                    170,                0.97334,                0.71774,                 1.2019,                0.55625,                0.67649,                0.56584,                 0.2596,                  1.963,                  1.596,                 1.8294,             0.00047266,             0.00047266,             0.00047266
                    171,                0.95466,                0.72857,                 1.1895,                0.68583,                0.66799,                0.69912,                0.32581,                 1.9317,                 1.3462,                 1.7253,               0.000467,               0.000467,               0.000467
                    172,                 1.0069,                0.73663,                 1.2146,                0.60733,                0.68596,                0.64666,                0.29878,                 2.0433,                 1.4849,                 1.8166,             0.00046134,             0.00046134,             0.00046134
                    173,                0.99052,                0.70336,                 1.1908,                0.68255,                0.61399,                 0.6258,                0.30843,                 2.0308,                 1.5478,                 1.8539,             0.00045568,             0.00045568,             0.00045568
                    174,                0.96972,                0.68807,                 1.2108,                0.74867,                0.61726,                0.68465,                0.32314,                 1.9447,                 1.3833,                 1.7561,             0.00045002,             0.00045002,             0.00045002
                    175,                0.96809,                0.70256,                 1.1819,                0.64131,                0.66234,                0.62604,                0.26233,                 1.9675,                 1.5538,                 1.7889,             0.00044436,             0.00044436,             0.00044436
                    176,                0.95793,                0.68849,                 1.1901,                0.56115,                0.57071,                0.53665,                0.24256,                 2.0289,                  1.723,                 1.8658,              0.0004387,              0.0004387,              0.0004387
                    177,                0.96151,                0.70611,                 1.1848,                0.65553,                0.62666,                0.60345,                0.27857,                 1.9459,                 1.5145,                 1.7882,             0.00043304,             0.00043304,             0.00043304
                    178,                 0.9258,                 0.6561,                 1.1726,                 0.5693,                0.63921,                0.56627,                0.25907,                 2.0337,                 1.5493,                 1.8846,             0.00042739,             0.00042739,             0.00042739
                    179,                0.94751,                0.70517,                 1.1617,                0.69597,                0.62296,                0.61945,                0.28467,                 2.0013,                 1.5508,                 1.7773,             0.00042173,             0.00042173,             0.00042173
                    180,                 0.9417,                0.69921,                 1.1781,                0.67871,                0.53811,                0.59024,                  0.282,                 1.9892,                 1.6034,                  1.811,             0.00041607,             0.00041607,             0.00041607
                    181,                0.96745,                0.70005,                 1.1886,                0.67097,                0.51763,                0.59409,                0.28222,                 2.0694,                 1.6073,                 1.8986,             0.00041041,             0.00041041,             0.00041041
                    182,                0.93136,                0.64576,                 1.1579,                0.65533,                0.58839,                0.62274,                0.29823,                 1.9947,                 1.5933,                 1.8562,             0.00040475,             0.00040475,             0.00040475
                    183,                0.93397,                 0.6686,                 1.1754,                0.67863,                 0.6469,                0.65303,                0.26701,                 2.0347,                 1.5413,                 1.8672,             0.00039909,             0.00039909,             0.00039909
                    184,                0.94538,                 0.6792,                 1.1856,                0.66783,                0.65165,                0.64971,                0.24853,                 2.0025,                 1.4968,                 1.8618,             0.00039343,             0.00039343,             0.00039343
                    185,                0.91989,                0.66746,                 1.1625,                0.59183,                0.69478,                0.65807,                0.27486,                  2.021,                 1.5206,                 1.8553,             0.00038777,             0.00038777,             0.00038777
                    186,                0.90297,                0.64069,                   1.17,                 0.6679,                0.59437,                0.59339,                0.27474,                 2.0127,                 1.5672,                 1.8549,             0.00038211,             0.00038211,             0.00038211
                    187,                0.91085,                0.63204,                 1.1546,                0.71991,                0.58855,                0.64233,                0.26948,                 1.9409,                 1.5206,                 1.7747,             0.00037646,             0.00037646,             0.00037646
                    188,                 0.9185,                0.63509,                   1.15,                0.65487,                0.61904,                0.59576,                0.26354,                 1.9956,                 1.5632,                 1.8352,              0.0003708,              0.0003708,              0.0003708
                    189,                0.93743,                0.65447,                 1.1843,                0.62969,                0.58826,                0.55838,                0.26983,                 1.8884,                  1.498,                 1.7618,             0.00036514,             0.00036514,             0.00036514
                    190,                0.91793,                0.63219,                 1.1592,                0.64824,                 0.5922,                0.60318,                0.29038,                 1.9596,                 1.4539,                  1.811,             0.00035948,             0.00035948,             0.00035948
                    191,                0.89363,                 0.6348,                 1.1522,                0.66953,                0.63391,                0.61243,                0.27843,                 1.9442,                 1.4681,                  1.798,             0.00035382,             0.00035382,             0.00035382
                    192,                0.89455,                0.63319,                 1.1568,                0.71018,                0.58286,                0.64118,                0.30303,                 1.9783,                 1.4552,                  1.813,             0.00034816,             0.00034816,             0.00034816
                    193,                0.88755,                0.62386,                 1.1537,                0.64744,                0.60389,                0.62428,                0.30215,                 1.9371,                 1.4557,                 1.8547,              0.0003425,              0.0003425,              0.0003425
                    194,                0.87599,                0.63246,                 1.1675,                0.64447,                0.54694,                0.60393,                0.27959,                 1.9653,                 1.5638,                 1.8791,             0.00033684,             0.00033684,             0.00033684
                    195,                0.90016,                0.61766,                 1.1568,                0.65193,                0.56743,                0.59615,                0.28399,                 1.9515,                 1.4799,                 1.8755,             0.00033119,             0.00033119,             0.00033119
                    196,                0.90736,                0.64382,                 1.1555,                0.68309,                0.55342,                0.61865,                0.27975,                 1.9823,                 1.4893,                 1.8968,             0.00032553,             0.00032553,             0.00032553
                    197,                0.89006,                0.62189,                 1.1412,                0.60031,                0.63399,                0.55892,                0.24262,                 2.0138,                 1.6785,                 1.9511,             0.00031987,             0.00031987,             0.00031987
                    198,                 0.8809,                0.61702,                 1.1594,                0.59798,                0.53356,                0.53475,                0.22429,                 2.0893,                 1.8005,                 1.9534,             0.00031421,             0.00031421,             0.00031421
                    199,                0.88837,                0.61917,                 1.1241,                0.59967,                0.56718,                 0.5712,                0.24627,                 1.9834,                 1.7611,                 1.8422,             0.00030855,             0.00030855,             0.00030855
                    200,                0.86964,                0.63138,                 1.1296,                0.60478,                0.63025,                0.57891,                0.26931,                 2.0804,                 1.5519,                 1.9764,             0.00030289,             0.00030289,             0.00030289
                    201,                0.88799,                0.63849,                 1.1426,                0.61204,                0.58286,                0.61823,                 0.3087,                 2.0297,                 1.5502,                 1.9221,             0.00029723,             0.00029723,             0.00029723
                    202,                0.84852,                0.61125,                 1.1299,                0.70988,                0.63112,                0.60752,                0.29976,                 2.0815,                 1.5617,                 1.9487,             0.00029157,             0.00029157,             0.00029157
                    203,                0.89081,                0.64503,                 1.1333,                 0.6234,                0.59243,                0.59591,                 0.2844,                 1.9892,                 1.5934,                 1.8527,             0.00028591,             0.00028591,             0.00028591
                    204,                0.85041,                0.60135,                 1.1291,                0.62048,                 0.5703,                0.56887,                0.23998,                  1.967,                 1.6182,                 1.8291,             0.00028026,             0.00028026,             0.00028026
                    205,                0.88725,                0.62126,                 1.1401,                0.58591,                0.55989,                0.57441,                0.25355,                 2.0743,                 1.6581,                 1.9204,              0.0002746,              0.0002746,              0.0002746
                    206,                0.85867,                0.59459,                 1.1239,                0.68763,                0.58528,                 0.6288,                0.26424,                 1.9799,                 1.6384,                 1.8434,             0.00026894,             0.00026894,             0.00026894
                    207,                0.88912,                0.61767,                 1.1584,                0.71851,                0.63065,                0.65576,                0.28176,                 1.9451,                 1.5756,                 1.8657,             0.00026328,             0.00026328,             0.00026328
                    208,                0.88129,                0.62295,                 1.1442,                0.77365,                 0.5807,                0.66513,                0.27759,                 2.0304,                 1.4922,                 1.9205,             0.00025762,             0.00025762,             0.00025762
                    209,                0.87975,                0.62364,                 1.1402,                0.69112,                0.66316,                0.64818,                0.29365,                 1.9556,                 1.4461,                 1.8911,             0.00025196,             0.00025196,             0.00025196
                    210,                0.83424,                0.58352,                  1.112,                0.69176,                0.62606,                0.61248,                0.27074,                 2.0053,                  1.544,                  1.916,              0.0002463,              0.0002463,              0.0002463
                    211,                0.84072,                0.57557,                 1.1175,                0.57136,                0.61793,                0.55598,                0.26351,                 1.9396,                  1.603,                 1.8481,             0.00024064,             0.00024064,             0.00024064
                    212,                0.87637,                0.60542,                 1.1358,                0.60288,                 0.6237,                0.59467,                0.26949,                 1.8931,                 1.5371,                 1.8128,             0.00023498,             0.00023498,             0.00023498
                    213,                0.83193,                0.57146,                 1.1221,                0.68329,                0.58627,                0.57315,                 0.2744,                 1.8432,                 1.5185,                 1.7883,             0.00022933,             0.00022933,             0.00022933
                    214,                0.87524,                0.62305,                 1.1362,                0.63996,                0.56472,                 0.5971,                0.29709,                 1.8756,                 1.5159,                 1.7874,             0.00022367,             0.00022367,             0.00022367
                    215,                0.82227,                0.56681,                 1.1078,                0.70281,                0.63182,                0.61747,                0.28599,                 1.8748,                 1.5611,                 1.8214,             0.00021801,             0.00021801,             0.00021801
                    216,                0.82425,                0.55146,                 1.1196,                0.66999,                0.60476,                0.62234,                0.30685,                 1.9017,                  1.488,                 1.8341,             0.00021235,             0.00021235,             0.00021235
                    217,                0.81159,                0.58038,                 1.1196,                0.70735,                0.59773,                0.64175,                0.31836,                 1.9241,                 1.4498,                 1.8443,             0.00020669,             0.00020669,             0.00020669
                    218,                0.84891,                0.58148,                  1.129,                0.64468,                0.61669,                0.60502,                0.28786,                 1.8993,                 1.4665,                 1.8211,             0.00020103,             0.00020103,             0.00020103
                    219,                0.81705,                0.57961,                  1.096,                0.68959,                0.60317,                0.61796,                0.30055,                 1.9151,                 1.5162,                 1.8566,             0.00019537,             0.00019537,             0.00019537
                    220,                0.80152,                0.56328,                 1.0993,                0.63852,                0.57849,                0.59242,                0.28731,                 1.9889,                 1.5774,                 1.8927,             0.00018971,             0.00018971,             0.00018971
                    221,                0.79456,                0.55241,                 1.0958,                0.74505,                 0.5605,                 0.6324,                0.30016,                 1.9252,                 1.4549,                 1.8638,             0.00018406,             0.00018406,             0.00018406
                    222,                0.80377,                0.56058,                 1.0958,                0.67084,                0.63699,                0.63598,                 0.3025,                 1.9449,                 1.5196,                 1.8962,              0.0001784,              0.0001784,              0.0001784
                    223,                0.79947,                 0.5696,                 1.1007,                 0.6593,                0.63177,                0.62641,                0.31176,                 1.9183,                 1.4546,                 1.8237,             0.00017274,             0.00017274,             0.00017274
                    224,                0.77724,                0.54758,                 1.0781,                0.63068,                0.61414,                0.62082,                0.30011,                  1.948,                 1.5299,                 1.8269,             0.00016708,             0.00016708,             0.00016708
                    225,                0.77987,                0.56572,                 1.0938,                0.67605,                0.60382,                0.61984,                0.30228,                 1.9216,                 1.5166,                 1.8411,             0.00016142,             0.00016142,             0.00016142
                    226,                0.79349,                0.54125,                  1.091,                0.66991,                0.63222,                0.61241,                 0.2841,                 1.9775,                 1.4648,                 1.9208,             0.00015576,             0.00015576,             0.00015576
                    227,                0.73944,                0.50591,                  1.067,                0.73988,                0.56546,                0.60273,                0.29863,                 1.9367,                 1.5047,                 1.8615,              0.0001501,              0.0001501,              0.0001501
                    228,                0.76476,                0.52814,                 1.0748,                0.72495,                0.54723,                0.59811,                0.29248,                 1.9163,                 1.5684,                 1.8472,             0.00014444,             0.00014444,             0.00014444
                    229,                0.76326,                 0.5374,                 1.1008,                 0.7094,                0.57753,                0.61075,                 0.2908,                 1.9078,                 1.4482,                 1.8524,             0.00013878,             0.00013878,             0.00013878
                    230,                0.77887,                0.54693,                 1.0869,                0.69853,                 0.5694,                0.62664,                0.30688,                 1.8971,                 1.5486,                  1.838,             0.00013313,             0.00013313,             0.00013313
                    231,                0.74843,                0.52497,                 1.0712,                0.64106,                0.56568,                0.59154,                0.28305,                 1.9505,                 1.5143,                 1.8992,             0.00012747,             0.00012747,             0.00012747
                    232,                0.76724,                0.52451,                 1.0765,                0.66221,                0.64213,                0.63575,                0.29672,                 1.9329,                 1.4471,                 1.9009,             0.00012181,             0.00012181,             0.00012181
                    233,                0.78675,                0.54623,                 1.0862,                0.67861,                0.60005,                0.62159,                0.30108,                 1.9681,                 1.4369,                  1.941,             0.00011615,             0.00011615,             0.00011615
                    234,                0.76228,                0.52055,                 1.0822,                0.68568,                0.66316,                0.63083,                0.28451,                 1.9995,                 1.4636,                 1.9313,             0.00011049,             0.00011049,             0.00011049
                    235,                0.77495,                0.53751,                 1.0807,                0.65726,                0.63285,                0.61082,                0.27496,                 1.9879,                 1.4685,                 1.9159,             0.00010483,             0.00010483,             0.00010483
                    236,                0.72797,                0.52333,                 1.0761,                0.62807,                0.64635,                0.58271,                0.26183,                 1.9455,                 1.5271,                 1.8705,             9.9173e-05,             9.9173e-05,             9.9173e-05
                    237,                0.77892,                0.54783,                 1.0996,                0.70744,                0.63965,                0.58807,                0.26526,                  1.971,                 1.5206,                 1.9066,             9.3514e-05,             9.3514e-05,             9.3514e-05
                    238,                0.74757,                0.52864,                 1.0794,                 0.7316,                0.57305,                0.58918,                0.27043,                 1.9431,                 1.5589,                 1.8733,             8.7855e-05,             8.7855e-05,             8.7855e-05
                    239,                  0.783,                0.52906,                 1.0754,                0.70784,                0.53964,                0.59334,                0.29402,                 1.9292,                 1.5308,                 1.8517,             8.2196e-05,             8.2196e-05,             8.2196e-05
                    240,                0.76089,                0.53712,                 1.0875,                0.64392,                0.61565,                0.60212,                0.28752,                 1.9054,                 1.5397,                 1.8462,             7.6537e-05,             7.6537e-05,             7.6537e-05
                    241,                0.67855,                 0.5468,                 1.0135,                0.60817,                0.63159,                0.57338,                0.27144,                 1.9324,                 1.5243,                 1.8911,             7.0878e-05,             7.0878e-05,             7.0878e-05
                    242,                0.66975,                0.49819,                 1.0219,                0.59957,                0.73033,                0.62992,                0.27907,                 1.9927,                 1.4934,                 1.9528,              6.522e-05,              6.522e-05,              6.522e-05
                    243,                0.66905,                0.48563,                 1.0106,                0.64206,                0.65185,                0.63464,                0.29903,                 1.9831,                 1.5175,                 1.9528,             5.9561e-05,             5.9561e-05,             5.9561e-05
                    244,                0.68232,                 0.4833,                 1.0121,                 0.6798,                0.64148,                0.62715,                0.29611,                 1.9687,                 1.5376,                 1.8965,             5.3902e-05,             5.3902e-05,             5.3902e-05
                    245,                0.62827,                0.45091,                0.98261,                0.71286,                0.62856,                0.62733,                0.30073,                  1.909,                 1.5468,                 1.8577,             4.8243e-05,             4.8243e-05,             4.8243e-05
                    246,                0.63443,                0.44456,                0.99698,                0.63144,                0.61961,                 0.6077,                0.30102,                  1.899,                 1.5034,                 1.8618,             4.2584e-05,             4.2584e-05,             4.2584e-05
                    247,                0.64359,                0.44398,                0.99443,                 0.6132,                0.63448,                0.59336,                0.27354,                 1.9415,                 1.5053,                 1.8803,             3.6925e-05,             3.6925e-05,             3.6925e-05
                    248,                0.61983,                 0.4428,                0.97988,                0.61299,                0.66931,                0.58902,                0.25916,                 1.9784,                 1.5439,                 1.9091,             3.1267e-05,             3.1267e-05,             3.1267e-05
                    249,                0.61301,                0.43576,                  0.978,                 0.7476,                0.61399,                0.61832,                 0.2728,                 1.9771,                 1.5575,                 1.9225,             2.5608e-05,             2.5608e-05,             2.5608e-05
                    250,                0.63109,                0.43972,                0.99965,                0.71724,                0.61832,                 0.5926,                0.27558,                 1.9469,                 1.5565,                 1.8967,             1.9949e-05,             1.9949e-05,             1.9949e-05
